-- MySQL dump 10.13  Distrib 8.0.33, for Win64 (x86_64)
--
-- Host: localhost    Database: biblioteca
-- ------------------------------------------------------
-- Server version	8.0.33

/*!40101 SET @OLD_CHARACTER_SET_CLIENT=@@CHARACTER_SET_CLIENT */;
/*!40101 SET @OLD_CHARACTER_SET_RESULTS=@@CHARACTER_SET_RESULTS */;
/*!40101 SET @OLD_COLLATION_CONNECTION=@@COLLATION_CONNECTION */;
/*!50503 SET NAMES utf8mb4 */;
/*!40103 SET @OLD_TIME_ZONE=@@TIME_ZONE */;
/*!40103 SET TIME_ZONE='+00:00' */;
/*!40014 SET @OLD_UNIQUE_CHECKS=@@UNIQUE_CHECKS, UNIQUE_CHECKS=0 */;
/*!40014 SET @OLD_FOREIGN_KEY_CHECKS=@@FOREIGN_KEY_CHECKS, FOREIGN_KEY_CHECKS=0 */;
/*!40101 SET @OLD_SQL_MODE=@@SQL_MODE, SQL_MODE='NO_AUTO_VALUE_ON_ZERO' */;
/*!40111 SET @OLD_SQL_NOTES=@@SQL_NOTES, SQL_NOTES=0 */;

--
-- Table structure for table `autore`
--

DROP TABLE IF EXISTS `autore`;
/*!40101 SET @saved_cs_client     = @@character_set_client */;
/*!50503 SET character_set_client = utf8mb4 */;
CREATE TABLE `autore` (
  `id` int NOT NULL AUTO_INCREMENT,
  `nome` varchar(30) DEFAULT NULL,
  PRIMARY KEY (`id`)
) ENGINE=InnoDB AUTO_INCREMENT=7 DEFAULT CHARSET=utf8mb4 COLLATE=utf8mb4_0900_ai_ci;
/*!40101 SET character_set_client = @saved_cs_client */;

--
-- Dumping data for table `autore`
--

LOCK TABLES `autore` WRITE;
/*!40000 ALTER TABLE `autore` DISABLE KEYS */;
INSERT INTO `autore` VALUES (1,'Mario Rossi'),(2,'Giuseppe Verdi'),(3,'Giovanni Verga'),(4,'Susanna Tamaro'),(5,'Antonio Gallo');
/*!40000 ALTER TABLE `autore` ENABLE KEYS */;
UNLOCK TABLES;

--
-- Table structure for table `biblioteca`
--

DROP TABLE IF EXISTS `biblioteca`;
/*!40101 SET @saved_cs_client     = @@character_set_client */;
/*!50503 SET character_set_client = utf8mb4 */;
CREATE TABLE `biblioteca` (
  `id` int NOT NULL AUTO_INCREMENT,
  `nome` varchar(20) DEFAULT NULL,
  `indirizzo` varchar(30) DEFAULT NULL,
  PRIMARY KEY (`id`)
) ENGINE=InnoDB AUTO_INCREMENT=3 DEFAULT CHARSET=utf8mb4 COLLATE=utf8mb4_0900_ai_ci;
/*!40101 SET character_set_client = @saved_cs_client */;

--
-- Dumping data for table `biblioteca`
--

LOCK TABLES `biblioteca` WRITE;
/*!40000 ALTER TABLE `biblioteca` DISABLE KEYS */;
INSERT INTO `biblioteca` VALUES (1,'Libary test','via verdi 21'),(2,'Librolandia','via rossi 30');
/*!40000 ALTER TABLE `biblioteca` ENABLE KEYS */;
UNLOCK TABLES;

--
-- Table structure for table `libro`
--

DROP TABLE IF EXISTS `libro`;
/*!40101 SET @saved_cs_client     = @@character_set_client */;
/*!50503 SET character_set_client = utf8mb4 */;
CREATE TABLE `libro` (
  `id` int NOT NULL AUTO_INCREMENT,
  `titolo` varchar(30) DEFAULT NULL,
  `isbn` varchar(30) DEFAULT NULL,
  `biblioteca_fk` int DEFAULT NULL,
  `autore_fk` int DEFAULT NULL,
  PRIMARY KEY (`id`),
  UNIQUE KEY `isbn` (`isbn`),
  KEY `biblioteca_fk` (`biblioteca_fk`),
  KEY `autore_fk` (`autore_fk`),
  CONSTRAINT `libro_ibfk_1` FOREIGN KEY (`biblioteca_fk`) REFERENCES `biblioteca` (`id`),
  CONSTRAINT `libro_ibfk_2` FOREIGN KEY (`autore_fk`) REFERENCES `autore` (`id`)
) ENGINE=InnoDB AUTO_INCREMENT=21 DEFAULT CHARSET=utf8mb4 COLLATE=utf8mb4_0900_ai_ci;
/*!40101 SET character_set_client = @saved_cs_client */;

--
-- Dumping data for table `libro`
--

LOCK TABLES `libro` WRITE;
/*!40000 ALTER TABLE `libro` DISABLE KEYS */;
INSERT INTO `libro` VALUES (11,'titolo libro1','1234',1,1),(12,'titolo libro2','1232',1,2),(13,'titolo libro3','1342',2,4),(14,'titolo libro4','1134',1,3),(15,'titolo libro5','1564',2,5),(16,'titolo libro6','1223',1,1),(17,'titolo libro7','1256',2,4),(18,'titolo libro8','1934',1,5),(19,'titolo libro9','1236',2,2),(20,'titolo libro10','8234',2,3);
/*!40000 ALTER TABLE `libro` ENABLE KEYS */;
UNLOCK TABLES;
/*!40103 SET TIME_ZONE=@OLD_TIME_ZONE */;

/*!40101 SET SQL_MODE=@OLD_SQL_MODE */;
/*!40014 SET FOREIGN_KEY_CHECKS=@OLD_FOREIGN_KEY_CHECKS */;
/*!40014 SET UNIQUE_CHECKS=@OLD_UNIQUE_CHECKS */;
/*!40101 SET CHARACTER_SET_CLIENT=@OLD_CHARACTER_SET_CLIENT */;
/*!40101 SET CHARACTER_SET_RESULTS=@OLD_CHARACTER_SET_RESULTS */;
/*!40101 SET COLLATION_CONNECTION=@OLD_COLLATION_CONNECTION */;
/*!40111 SET SQL_NOTES=@OLD_SQL_NOTES */;

-- Dump completed on 2023-07-03 13:47:19
